{
  "accountAssociation": {
    "header": "eyJmaWQiOjIzOTM5NiwidHlwZSI6ImN1c3RvZHkiLCJrZXkiOiIweDRENEU1MjIzODRkNkYxMDkwYkZENEM0NTI3YTdkNTJERmQyMGJDYTMifQ",
    "payload": "eyJkb21haW4iOiJyYWl6ZS10YXVwZS52ZXJjZWwuYXBwIn0",
    "signature": "MHhmM2RkMTc3NzdiMGJkNzAwZTMzYTE4ODJlNzQ0ZThlMGNiNjIxOTYwMmQ0OGI3NmMzMjA5OThkZGE1YThjOGRkMTVkYTgzOTM5ZTM0NjcxZTg2YTQ4NGI5YTk2ODZiZTI2ZjI1Y2M2ZjJlYjQ5MGU1MmQ4ZTAzOGVlODZjY2IxMDFj"
  },
  "frame": {
    "version": "1",
    "name": "Raize",
    "iconUrl": "https://raize-taupe.vercel.app/logo.png",
    "homeUrl": "https://raize-taupe.vercel.app",
    "imageUrl": "https://raize-taupe.vercel.app/logo.png",
    "buttonTitle": "Explore Presale",
    "splashImageUrl": "https://raize-taupe.vercel.app/logo.png",
    "splashBackgroundColor": "#ffffff",
    "webhookUrl": "https://api.neynar.com/f/app/77af59ea-8cfa-48b1-a199-6b0eec64fddb/event",
    "subtitle": "Presales",
    "description": "Become early adopters of the next big thing in crypto. Raize is a platform for presales.",
    "primaryCategory": "finance",
    "tags": ["presales", "funding", "creator", "pinksales", "farcaster"],
    "tagline": "Explore presales with Raize!",
    "ogTitle": "Raize",
    "ogDescription": "Become early adopters of the next big thing in crypto.",
    "ogImage": "https://raize-taupe.vercel.app/logo.png",
    "noindex": false,
    "permissions": ["cast:read"],
    "notifications": {
      "enabled": true,
      "categories": [
        {
          "id": "welcome",
          "name": "Welcome Messages"
        }
      ]
    },
    "author": "Raize Team"
  }
}
